allele,n_test,acc,auc,f1
HLA-B*07:02,2469,0.9319562575941677,0.8512864493996569,0.5280898876404494
HLA-B*40:02,23766,0.9530000841538332,0.9396897434584652,0.6532132877988203
