{
  "auc": 0.9299817404418763,
  "acc": 0.9510196302649133,
  "f1": 0.640760413754543
}